Id,Date,DayOfWeek,TotalTimeInBed_Hours,TotalTimeAsleep_Hours,SleepEfficiency,VeryActiveMinutes,FairlyActiveMinutes,LightlyActiveMinutes,TotalActiveMinutes,SedentaryMinutes,DayType
1503960366,2016-04-26,3,4.57,4.08,0.892778993,31,23,279,333,833,Weekday
1503960366,2016-05-03,3,4.93,4.55,0.922920892,50,24,254,328,816,Weekday
1503960366,2016-04-25,2,5.38,4.62,0.858736059,73,14,216,303,814,Weekday
1503960366,2016-05-09,2,5.7,5.63,0.987719298,46,11,206,263,835,Weekday
1503960366,2016-04-21,5,6.07,5.42,0.89291598,19,8,211,238,838,Weekday
1503960366,2016-05-10,3,6.72,6.38,0.949404762,46,31,214,291,746,Weekday
1503960366,2016-04-30,7,7.08,6.73,0.950564972,52,34,217,303,712,Weekend
1503960366,2016-04-15,6,7.37,6.87,0.932157395,29,34,209,272,726,Weekday
1503960366,2016-05-06,6,6.12,5.57,0.910130719,24,6,289,319,754,Weekday
1503960366,2016-05-01,1,6.6,6.15,0.931818182,33,35,246,314,730,Weekend
1503960366,2016-05-02,2,5.15,4.62,0.897087379,41,15,277,333,798,Weekday
1503960366,2016-04-13,4,6.78,6.4,0.943952802,21,19,217,257,776,Weekday
1503960366,2016-04-28,5,6.55,6.1,0.93129771,48,28,189,265,782,Weekday
1503960366,2016-05-07,7,5.82,5.52,0.948453608,37,46,175,258,833,Weekend
1503960366,2016-04-23,7,6.4,6.02,0.940625,41,21,262,324,732,Weekend
1503960366,2016-04-19,3,5.33,5.07,0.951219512,50,31,264,345,775,Weekday
1503960366,2016-04-24,1,7.48,7.17,0.95855615,39,5,238,282,709,Weekend
1503960366,2016-04-12,3,5.77,5.45,0.944540728,25,13,328,366,728,Weekday
1503960366,2016-04-17,1,11.87,11.67,0.9831508,38,20,164,222,539,Weekend
1503960366,2016-05-05,5,4.4,4.12,0.936363636,45,24,250,319,857,Weekday
1503960366,2016-05-08,1,10.18,9.9,0.972495088,44,8,203,255,574,Weekend
1503960366,2016-05-11,4,5.1,4.75,0.931372549,36,23,251,310,669,Weekday
1503960366,2016-04-20,4,6.28,6,0.955414013,28,12,205,245,818,Weekday
1503960366,2016-04-16,7,6.12,5.67,0.926470588,36,10,221,267,773,Weekend
2026352035,2016-04-12,3,9.1,8.38,0.920879121,3,8,181,192,706,Weekday
2347167796,2016-04-25,2,7.85,7.22,0.919745223,15,11,277,303,653,Weekday
2347167796,2016-04-13,4,8.85,7.78,0.879096045,19,32,195,246,676,Weekday
2347167796,2016-04-21,5,8.07,7.67,0.950433705,23,26,208,257,761,Weekday
2347167796,2016-04-18,2,9.28,8.33,0.89762931,11,16,206,233,678,Weekday
2347167796,2016-04-14,5,8.15,7.42,0.910429448,1,48,206,255,705,Weekday
2347167796,2016-04-27,4,8.32,7.47,0.897836538,26,9,295,330,623,Weekday
2347167796,2016-04-23,7,6.43,6.23,0.968895801,32,35,360,427,591,Weekend
2347167796,2016-04-22,6,7.68,6.75,0.87890625,9,27,206,242,781,Weekday
3977333714,2016-04-22,6,7.93,5.92,0.746532156,33,12,188,233,731,Weekday
3977333714,2016-04-30,7,6.37,3.95,0.620094192,43,52,194,289,687,Weekend
3977333714,2016-05-05,5,8,5.3,0.6625,14,88,178,280,680,Weekday
3977333714,2016-04-19,3,6.58,3.65,0.554711246,19,67,221,307,738,Weekday
3977333714,2016-05-06,6,8.53,5.38,0.630715123,29,55,168,252,676,Weekday
3977333714,2016-04-25,2,7.78,4.37,0.561696658,50,9,133,192,781,Weekday
3977333714,2016-04-29,6,7.97,5.55,0.696361355,36,32,150,218,744,Weekday
3977333714,2016-05-01,1,10.43,6.38,0.611697028,41,40,124,205,691,Weekend
3977333714,2016-04-18,2,8.7,6.87,0.789655172,4,95,214,313,605,Weekday
3977333714,2016-04-15,6,9.27,7.07,0.762675297,15,42,183,240,644,Weekday
3977333714,2016-05-04,4,5.6,3.55,0.633928571,14,96,142,252,852,Weekday
3977333714,2016-05-02,2,6.4,3.83,0.5984375,24,143,176,343,713,Weekday
3977333714,2016-04-14,5,6.62,4.85,0.732628399,5,23,214,242,801,Weekday
3977333714,2016-04-26,3,6.18,4.17,0.674757282,7,95,170,272,797,Weekday
3977333714,2016-04-17,1,9.43,6.35,0.673382821,11,58,205,274,600,Weekend
3977333714,2016-05-03,3,8.33,4.87,0.584633854,47,41,258,346,594,Weekday
3977333714,2016-04-24,1,8.77,5.17,0.589509692,30,95,129,254,660,Weekend
3977333714,2016-04-12,3,7.82,4.57,0.584398977,44,19,131,194,777,Weekday
4020332650,2016-04-16,7,1.28,1.28,1,65,21,55,141,1222,Weekend
4020332650,2016-05-04,4,8.93,7.97,0.8924972,13,46,346,405,531,Weekday
4020332650,2016-05-05,5,4.13,3.77,0.91283293,38,42,196,276,916,Weekday
4319703577,2016-04-26,3,8.6,8.42,0.979069767,8,21,288,317,649,Weekday
4319703577,2016-04-27,4,5.12,4.77,0.931640625,6,47,300,353,680,Weekday
4319703577,2016-04-29,6,9.1,8.72,0.958241758,6,18,289,313,624,Weekday
4319703577,2016-04-14,5,9.28,8.92,0.961206897,1,9,339,349,589,Weekday
4319703577,2016-05-03,3,8.53,7.9,0.926143025,8,26,287,321,669,Weekday
4319703577,2016-05-07,7,8.83,8.45,0.956964892,3,28,279,310,586,Weekend
4319703577,2016-05-06,6,8.18,7.5,0.916870416,6,11,314,331,692,Weekday
4319703577,2016-04-30,7,8.6,8.17,0.95,6,38,196,240,695,Weekend
4388161847,2016-05-02,2,6.27,6.13,0.977671451,33,4,204,241,935,Weekday
4388161847,2016-04-18,2,1.73,1.65,0.953757225,27,8,239,274,1017,Weekday
4388161847,2016-04-27,4,8.33,7.32,0.878751501,11,48,241,300,684,Weekday
4388161847,2016-04-30,7,7.17,6.82,0.951185495,14,43,300,357,537,Weekend
4388161847,2016-04-22,6,1.42,1.37,0.964788732,77,25,220,322,945,Weekday
4388161847,2016-05-10,3,6.25,5.9,0.944,13,14,267,294,648,Weekday
4388161847,2016-04-28,5,7.63,7.13,0.934469201,19,9,234,262,878,Weekday
4388161847,2016-04-20,4,7.52,7.02,0.933510638,19,42,228,289,696,Weekday
4388161847,2016-04-24,1,9.92,9.2,0.927419355,14,8,239,261,584,Weekend
4388161847,2016-04-23,7,8.35,7.97,0.954491018,58,5,215,278,749,Weekend
4388161847,2016-04-26,3,5.77,5.32,0.922010399,14,23,224,261,673,Weekday
4388161847,2016-05-07,7,8.27,7.87,0.951632406,120,56,260,436,508,Weekend
4388161847,2016-05-08,1,9.02,8.82,0.977827051,107,38,178,323,576,Weekend
4445114986,2016-05-02,2,9.03,8.37,0.926910299,27,4,200,231,667,Weekday
4445114986,2016-05-07,7,7.27,6.68,0.918844567,26,4,108,138,866,Weekend
4445114986,2016-05-11,4,8.83,8.32,0.942242356,34,22,232,288,622,Weekday
4445114986,2016-05-05,5,8.55,7.7,0.900584795,2,6,185,193,734,Weekday
4445114986,2016-04-26,3,6.52,5.88,0.901840491,29,1,180,210,839,Weekday
4445114986,2016-05-03,3,7.5,6.95,0.926666667,30,2,233,265,725,Weekday
4445114986,2016-04-27,4,6.23,5.53,0.887640449,32,1,194,227,839,Weekday
4558609924,2016-04-26,3,2.02,1.72,0.851485149,12,41,283,336,1062,Weekday
4558609924,2016-04-21,5,2.28,2.1,0.921052632,6,21,432,459,844,Weekday
4558609924,2016-05-08,1,2.23,2.05,0.919282511,66,35,238,339,1019,Weekend
4558609924,2016-04-29,6,2.98,2.85,0.956375839,15,29,197,241,1096,Weekday
4702921684,2016-04-21,5,7.23,7.08,0.979253112,4,41,144,189,901,Weekday
4702921684,2016-04-17,1,10.2,9.85,0.965686275,12,66,302,380,437,Weekend
4702921684,2016-04-30,7,8.35,7.98,0.955688623,4,36,263,303,728,Weekend
4702921684,2016-05-05,5,7.13,6.9,0.967741935,8,5,241,254,745,Weekday
4702921684,2016-04-24,1,8.43,8,0.948991696,15,95,281,391,542,Weekend
4702921684,2016-04-18,2,5.2,4.88,0.938461538,22,30,191,243,890,Weekday
4702921684,2016-04-27,4,7.48,7.2,0.962566845,1,16,238,255,733,Weekday
4702921684,2016-04-23,7,7.92,7.75,0.978535354,9,66,408,483,469,Weekend
4702921684,2016-05-11,4,6.1,5.9,0.967213115,10,41,235,286,784,Weekday
4702921684,2016-04-16,7,6.77,6.37,0.940915805,3,24,335,362,556,Weekend
4702921684,2016-04-25,2,6.33,6.17,0.974723539,6,15,270,291,730,Weekday
4702921684,2016-04-19,3,8.12,7.62,0.938423645,10,8,179,197,757,Weekday
4702921684,2016-04-28,5,7.68,7.37,0.959635417,14,9,232,255,738,Weekday
4702921684,2016-04-20,4,7.8,7.57,0.970512821,2,29,260,291,717,Weekday
5553957443,2016-05-12,5,7.92,7.3,0.921717172,8,6,48,62,222,Weekday
5553957443,2016-04-26,3,7.55,6.87,0.909933775,40,18,238,296,750,Weekday
5553957443,2016-05-03,3,7.15,6.33,0.885314685,26,29,247,302,812,Weekday
5553957443,2016-04-15,6,6.82,6.28,0.920821114,58,38,239,335,689,Weekday
5553957443,2016-05-10,3,7.38,6.97,0.944444444,61,40,265,366,707,Weekday
5553957443,2016-04-21,5,7.18,6.65,0.926183844,47,42,177,266,801,Weekday
5553957443,2016-04-19,3,6.83,5.95,0.871156662,69,28,249,346,756,Weekday
5553957443,2016-04-25,2,7.8,7.22,0.925641026,51,11,201,263,732,Weekday
5553957443,2016-05-06,6,7.23,6.67,0.922544952,21,9,229,259,761,Weekday
5553957443,2016-04-28,5,7.62,7.02,0.921259843,49,13,165,227,727,Weekday
5553957443,2016-05-08,1,10.13,9.47,0.934846989,3,8,210,221,505,Weekend
5553957443,2016-05-09,2,8.23,7.55,0.917375456,59,22,251,332,667,Weekday
5553957443,2016-04-14,5,6.97,5.95,0.853658537,61,41,256,358,693,Weekday
5553957443,2016-05-05,5,7.73,6.98,0.90297542,44,29,241,314,692,Weekday
5553957443,2016-04-22,6,5.88,5.37,0.913265306,25,16,270,311,781,Weekday
5553957443,2016-04-27,4,6.52,5.78,0.886503067,16,16,206,238,745,Weekday
5577150313,2016-04-12,3,7.3,6.98,0.956164384,86,16,140,242,728,Weekday
5577150313,2016-04-25,2,7.68,7.02,0.9140625,61,38,214,313,743,Weekday
5577150313,2016-05-10,3,9.37,8.4,0.896478122,104,37,194,335,639,Weekday
5577150313,2016-04-22,6,6.1,5.63,0.92295082,62,30,200,292,823,Weekday
5577150313,2016-04-20,4,8,7.45,0.93125,87,16,113,216,773,Weekday
5577150313,2016-04-26,3,6.28,5.9,0.939490446,38,32,181,251,759,Weekday
5577150313,2016-05-02,2,9.22,8.75,0.949023861,37,20,235,292,732,Weekday
5577150313,2016-04-23,7,6.7,6.4,0.955223881,24,24,223,271,627,Weekend
5577150313,2016-04-28,5,6.2,6.02,0.970967742,99,51,141,291,692,Weekday
5577150313,2016-04-13,4,7.63,7.2,0.943643512,15,11,144,170,776,Weekday
5577150313,2016-04-19,3,7.75,7.48,0.96516129,108,23,111,242,733,Weekday
5577150313,2016-04-17,1,9.72,9.15,0.941358025,200,37,159,396,525,Weekend
5577150313,2016-05-04,4,10.57,10.05,0.950804163,25,9,141,175,631,Weekday
5577150313,2016-04-14,5,8.28,7.95,0.960144928,118,30,176,324,662,Weekday
5577150313,2016-04-18,2,9.22,8.78,0.952277657,114,32,130,276,623,Weekday
5577150313,2016-04-24,1,10.25,9.05,0.882926829,210,65,141,416,425,Weekend
5577150313,2016-05-03,3,9.05,8.47,0.935911602,97,8,212,317,580,Weekday
5577150313,2016-04-21,5,7.28,6.9,0.947802198,110,74,175,359,670,Weekday
5577150313,2016-04-15,6,6.88,6.53,0.949127907,115,54,199,368,695,Weekday
5577150313,2016-04-30,7,7.22,6.87,0.951523546,207,45,163,415,621,Weekend
5577150313,2016-04-27,4,7.53,7.07,0.938911023,63,16,190,269,773,Weekday
5577150313,2016-05-11,4,7.93,7.18,0.905422446,45,15,63,123,257,Weekday
5577150313,2016-04-29,6,8.08,7.65,0.946782178,97,36,165,298,739,Weekday
5577150313,2016-04-16,7,7.42,6.77,0.912398922,184,56,158,398,472,Weekend
5577150313,2016-05-05,5,1.3,1.23,0.946153846,45,21,143,209,1153,Weekday
5577150313,2016-05-01,1,6.63,6.32,0.953242836,194,72,178,444,499,Weekend
6117666160,2016-04-21,5,9.17,8.47,0.923664122,11,19,294,324,579,Weekday
6117666160,2016-04-16,7,6.63,6.33,0.954751131,7,15,518,540,502,Weekend
6775888955,2016-04-13,4,4.33,3.92,0.905311778,17,18,85,120,1053,Weekday
6775888955,2016-04-14,5,7.35,7.05,0.959183673,14,24,105,143,863,Weekday
6962181067,2016-04-23,7,9.1,8.8,0.967032967,58,41,347,446,484,Weekend
6962181067,2016-05-05,5,8.18,7.78,0.951100244,14,22,305,341,591,Weekday
6962181067,2016-04-13,4,11.32,10.5,0.927561837,8,24,142,174,548,Weekday
6962181067,2016-04-19,3,8.92,7.93,0.889013453,35,41,195,271,659,Weekday
6962181067,2016-04-20,4,7.07,6.97,0.985855728,48,4,297,349,639,Weekday
6962181067,2016-04-25,2,6.92,6.67,0.963872832,35,31,282,348,637,Weekday
6962181067,2016-04-16,7,6.1,5.95,0.975409836,50,3,280,333,741,Weekend
6962181067,2016-05-10,3,8.02,7.82,0.975062344,62,34,275,371,626,Weekday
6962181067,2016-04-21,5,7.62,7.52,0.98687664,53,27,214,294,708,Weekday
6962181067,2016-04-27,4,7.78,7.58,0.974293059,7,38,279,324,697,Weekday
6962181067,2016-04-18,2,7.63,7.37,0.965923984,13,42,238,293,689,Weekday
6962181067,2016-04-28,5,7.55,7.33,0.970860927,38,8,288,334,621,Weekday
6962181067,2016-05-11,4,8,7.53,0.94125,24,7,199,230,709,Weekday
6962181067,2016-04-30,7,7.07,7.03,0.994342291,32,16,237,285,731,Weekend
6962181067,2016-04-12,3,6.45,6.1,0.945736434,50,14,189,253,796,Weekday
6962181067,2016-05-03,3,6.97,6.57,0.942611191,21,36,267,324,654,Weekday
6962181067,2016-04-22,6,7.25,7.08,0.976551724,30,33,240,303,659,Weekday
6962181067,2016-04-26,3,7.43,7.35,0.98923284,36,7,254,297,680,Weekday
6962181067,2016-05-04,4,7.58,7.37,0.972295515,15,36,284,335,683,Weekday
6962181067,2016-05-09,2,8.28,8.15,0.984299517,43,21,231,295,607,Weekday
6962181067,2016-05-02,2,8.03,7.77,0.96762142,18,39,313,370,655,Weekday
6962181067,2016-04-29,6,7.45,7.22,0.969127517,12,15,369,396,645,Weekday
7086361926,2016-04-20,4,8.37,8.2,0.979689367,87,13,145,245,797,Weekday
7086361926,2016-04-27,4,7.98,7.82,0.979949875,55,6,145,206,829,Weekday
7086361926,2016-05-07,7,9.13,8.83,0.967141292,20,42,209,271,621,Weekend
7086361926,2016-05-11,4,7.72,7.52,0.974093264,57,40,128,225,757,Weekday
7086361926,2016-04-15,6,6.43,6.28,0.976671851,30,21,139,190,864,Weekday
7086361926,2016-04-22,6,7.47,7.13,0.954484605,58,59,153,270,762,Weekday
7086361926,2016-04-19,3,8.05,7.87,0.977639752,67,69,124,260,671,Weekday
7086361926,2016-04-30,7,8.15,8.08,0.991411043,42,17,308,367,584,Weekend
7086361926,2016-05-03,3,7.68,7.6,0.989583333,57,36,152,245,761,Weekday
7086361926,2016-05-01,1,6.78,6.47,0.954277286,30,15,258,303,685,Weekend
7086361926,2016-04-21,5,6.85,6.5,0.948905109,19,6,206,231,758,Weekday
7086361926,2016-04-25,2,7.45,7.43,0.997315436,69,39,129,237,706,Weekday
7086361926,2016-05-04,4,7.27,7,0.962861073,45,12,135,192,843,Weekday
7086361926,2016-05-12,5,7.62,7.4,0.971128609,5,4,58,67,343,Weekday
7086361926,2016-05-02,2,7.65,7.33,0.958169935,66,26,139,231,737,Weekday
7086361926,2016-04-13,4,7.75,7.52,0.970322581,31,26,155,212,744,Weekday
7086361926,2016-05-08,1,8.5,8.02,0.943529412,32,27,147,206,695,Weekend
7086361926,2016-05-06,6,5.55,5.37,0.967567568,84,35,154,273,834,Weekday
7086361926,2016-04-12,3,8.75,8.57,0.979428571,59,6,153,218,745,Weekday
7086361926,2016-05-09,2,7.3,7.12,0.975342466,67,50,171,288,743,Weekday
7086361926,2016-04-26,3,8.33,8.08,0.969987995,70,33,132,235,726,Weekday
8053475328,2016-04-20,4,8.22,8.1,0.98540146,89,5,158,252,695,Weekday
8053475328,2016-05-07,7,1.25,1.23,0.984,121,20,148,289,1076,Weekend
8053475328,2016-04-23,7,5.62,5.52,0.982206406,125,14,223,362,741,Weekend
8378563200,2016-04-28,5,9.27,8.43,0.909385113,11,10,139,160,711,Weekday
8378563200,2016-04-23,7,9.85,9.42,0.956345178,19,10,136,165,740,Weekend
8378563200,2016-05-09,2,6.65,5.98,0.89924812,71,13,171,255,772,Weekday
8378563200,2016-05-01,1,8.98,7.92,0.881959911,71,10,127,208,669,Weekend
8378563200,2016-05-06,6,5.92,5.38,0.908783784,74,5,166,245,831,Weekday
8378563200,2016-04-20,4,6.82,6.35,0.931085044,82,8,169,259,763,Weekday
8378563200,2016-04-29,6,9.37,8.78,0.937033084,3,7,172,182,767,Weekday
8378563200,2016-04-16,7,11.48,10.18,0.886759582,64,21,142,227,563,Weekend
8378563200,2016-04-22,6,7.82,7.35,0.939897698,113,12,159,284,769,Weekday
8378563200,2016-04-13,4,8.12,7.45,0.917487685,116,14,169,299,680,Weekday
8378563200,2016-05-10,3,6.52,5.7,0.874233129,63,13,152,228,840,Weekday
8378563200,2016-05-11,4,6.45,6.13,0.950387597,72,10,184,266,763,Weekday
8378563200,2016-04-14,5,7.58,7.07,0.932717678,123,21,174,318,699,Weekday
8378563200,2016-04-21,5,6.95,6.6,0.949640288,137,16,145,298,677,Weekday
8378563200,2016-04-12,3,5.93,5.63,0.949409781,65,15,156,236,723,Weekday
8378563200,2016-05-04,4,7.95,7.35,0.924528302,19,10,167,196,680,Weekday
8378563200,2016-05-12,5,9.1,8.27,0.908791209,8,6,102,116,433,Weekday
8378563200,2016-04-26,3,9.73,9.17,0.942446043,90,18,161,269,593,Weekday
8378563200,2016-04-15,6,8.88,8.55,0.962837838,60,23,190,273,729,Weekday
8378563200,2016-04-19,3,7.02,6.45,0.918803419,120,19,154,293,737,Weekday
8378563200,2016-05-05,5,6.95,6.35,0.913669065,66,3,214,283,764,Weekday
8378563200,2016-05-03,3,7.15,6.75,0.944055944,71,20,195,286,822,Weekday
8792009665,2016-04-22,6,6.78,6.52,0.961651917,1,20,195,216,817,Weekday
8792009665,2016-04-23,7,6,5.65,0.941666667,8,45,232,285,795,Weekend
1644430081,2016-05-08,1,2.57,2.28,0.887159533,0,0,295,295,991,Weekend
1644430081,2016-04-29,6,2.12,1.98,0.933962264,0,0,120,120,1193,Weekday
1844505072,2016-04-30,7,16.02,12.03,0.75093633,0,0,184,184,218,Weekend
1844505072,2016-05-01,1,16.02,9.83,0.61360799,0,7,75,82,585,Weekend
1844505072,2016-04-15,6,16.02,10.73,0.669787765,0,0,176,176,527,Weekday
1927972279,2016-04-15,6,8.32,7.92,0.951923077,0,0,51,51,941,Weekday
1927972279,2016-04-13,4,7.03,6.63,0.943100996,0,0,32,32,986,Weekday
1927972279,2016-04-28,5,2.97,2.77,0.932659933,0,0,95,95,1167,Weekday
1927972279,2016-04-26,3,5.25,4.93,0.939047619,0,0,192,192,1058,Weekday
1927972279,2016-04-12,3,12.92,12.5,0.96749226,0,0,55,55,734,Weekday
2026352035,2016-05-07,7,8.68,8.52,0.98156682,0,0,229,229,665,Weekend
2026352035,2016-04-30,7,10.12,9.55,0.943675889,0,0,233,233,594,Weekend
2026352035,2016-04-15,6,9.55,8.72,0.913089005,0,0,188,188,687,Weekday
2026352035,2016-04-29,6,8.5,8.17,0.961176471,0,0,352,352,492,Weekday
2026352035,2016-05-04,4,9.33,8.97,0.961414791,0,0,345,345,530,Weekday
2026352035,2016-04-14,5,9.47,9.08,0.958817318,0,0,197,197,653,Weekday
2026352035,2016-04-20,4,8.5,7.68,0.903529412,0,0,327,327,623,Weekday
2026352035,2016-05-08,1,9.47,9.02,0.952481521,0,0,258,258,610,Weekend
2026352035,2016-04-17,1,8.3,7.28,0.877108434,0,0,60,60,1053,Weekend
2026352035,2016-04-19,3,9,8.3,0.922222222,0,0,141,141,785,Weekday
2026352035,2016-04-24,1,9.85,9.25,0.939086294,0,0,164,164,704,Weekend
2026352035,2016-04-21,5,8.57,7.95,0.927654609,0,0,153,153,749,Weekday
2026352035,2016-04-22,6,9.08,8.67,0.954845815,0,0,162,162,712,Weekday
2026352035,2016-04-16,7,9.45,8.73,0.923809524,0,0,150,150,728,Weekend
2026352035,2016-04-23,7,9.23,8.7,0.942578548,0,0,432,432,458,Weekend
2026352035,2016-05-11,4,9.22,8.72,0.945770065,0,0,330,330,569,Weekday
2026352035,2016-04-13,4,9.42,8.85,0.939490446,0,0,238,238,663,Weekday
2026352035,2016-04-28,5,9.08,8.55,0.941629956,0,0,331,331,626,Weekday
2026352035,2016-05-10,3,6.33,5.95,0.939968404,0,0,17,17,1002,Weekday
2026352035,2016-05-02,2,9.05,8.52,0.941436464,0,0,355,355,716,Weekday
2026352035,2016-05-01,1,9.1,8.78,0.964835165,0,0,191,191,716,Weekend
2026352035,2016-05-12,5,8.08,7.6,0.940594059,0,0,343,343,330,Weekday
2026352035,2016-05-09,2,9.27,8.85,0.954692557,0,0,401,401,543,Weekday
2026352035,2016-04-25,2,8.85,8.43,0.952542373,0,0,260,260,821,Weekday
2026352035,2016-05-05,5,8.08,7.8,0.965346535,0,0,475,475,479,Weekday
2026352035,2016-04-27,4,9.08,8.47,0.932819383,0,0,286,286,586,Weekday
2026352035,2016-05-06,6,9.13,8.73,0.95618839,0,0,383,383,511,Weekday
2320127002,2016-04-23,7,1.15,1.02,0.886956522,0,0,242,242,1129,Weekend
2347167796,2016-04-28,5,7.5,6.8,0.906666667,0,0,229,229,764,Weekday
2347167796,2016-04-29,6,7.88,6.85,0.86928934,0,0,4,4,2,Weekday
2347167796,2016-04-26,3,8.17,7.27,0.889840881,0,0,227,227,732,Weekday
2347167796,2016-04-24,1,7.65,7.37,0.963398693,0,0,360,360,584,Weekend
2347167796,2016-04-19,3,8.57,7.75,0.904317386,0,7,382,389,648,Weekday
3977333714,2016-04-23,7,6.2,3.92,0.632258065,0,92,252,344,724,Weekend
3977333714,2016-04-27,4,9,5.82,0.646666667,0,10,176,186,714,Weekday
3977333714,2016-05-07,7,7.38,3.95,0.535230352,0,86,208,294,703,Weekend
3977333714,2016-04-21,5,8.53,5.53,0.648300117,0,0,242,242,712,Weekday
4020332650,2016-05-08,1,6.7,6.07,0.905970149,0,0,263,263,775,Weekend
4020332650,2016-05-03,3,5.53,5.37,0.971066908,0,0,174,174,950,Weekday
4020332650,2016-05-10,3,8.23,7.37,0.895504253,0,0,206,206,774,Weekday
4020332650,2016-05-06,6,6.8,6.42,0.944117647,0,0,177,177,855,Weekday
4319703577,2016-04-16,7,8.7,8.43,0.968965517,0,0,194,194,724,Weekend
4319703577,2016-05-12,5,5.35,5.03,0.940186916,0,0,2,2,0,Weekday
4319703577,2016-05-01,1,8.33,8.07,0.968787515,0,0,67,67,836,Weekend
4319703577,2016-05-08,1,10.63,10.03,0.943555974,0,0,153,153,603,Weekend
4319703577,2016-04-20,4,9.05,8.72,0.963535912,0,18,306,324,671,Weekday
4319703577,2016-05-02,2,8.43,7.97,0.945432977,0,11,344,355,585,Weekday
4319703577,2016-04-23,7,12.03,11.53,0.95843724,0,0,233,233,546,Weekend
4319703577,2016-04-25,2,8.43,8.13,0.964412811,0,8,390,398,544,Weekday
4319703577,2016-04-21,5,1.08,0.98,0.907407407,0,0,34,34,1265,Weekday
4319703577,2016-04-19,3,8.3,7.68,0.925301205,0,0,311,311,604,Weekday
4319703577,2016-04-15,6,8.18,7.75,0.947432763,0,0,228,228,752,Weekday
4388161847,2016-04-15,6,8.77,8.32,0.948688712,0,0,299,299,837,Weekday
4388161847,2016-04-17,1,10.68,10.32,0.966292135,0,0,201,201,721,Weekend
4445114986,2016-04-20,4,7.7,7.32,0.950649351,0,0,137,137,841,Weekday
4445114986,2016-05-06,6,6.7,6.23,0.929850746,0,0,229,229,809,Weekday
4445114986,2016-04-12,3,7.62,7.15,0.93832021,0,0,196,196,787,Weekday
4445114986,2016-04-29,6,1.8,1.77,0.983333333,0,0,226,226,1106,Weekday
4445114986,2016-04-19,3,7.07,6.47,0.915134371,0,0,121,121,895,Weekday
4445114986,2016-04-16,7,8.32,7.7,0.925480769,0,0,225,225,716,Weekend
4445114986,2016-05-10,3,7.1,6.75,0.950704225,0,0,231,231,783,Weekday
4445114986,2016-05-01,1,7.65,7.32,0.956862745,0,0,240,240,741,Weekend
4445114986,2016-04-15,6,6.32,5.62,0.889240506,0,0,350,350,711,Weekday
4445114986,2016-04-28,5,7.37,6.98,0.947082768,0,0,236,236,762,Weekday
4445114986,2016-05-04,4,6.05,5.62,0.92892562,0,0,180,180,897,Weekday
4445114986,2016-04-21,5,7.82,7.27,0.929667519,0,0,215,215,756,Weekday
4445114986,2016-05-12,5,8.35,8.05,0.964071856,0,0,58,58,380,Weekday
4445114986,2016-05-09,2,8.88,7.62,0.858108108,0,0,266,266,641,Weekday
4445114986,2016-05-08,1,6.52,6.02,0.923312883,0,8,308,316,733,Weekend
4445114986,2016-04-25,2,5.75,5.47,0.951304348,0,0,179,179,916,Weekday
4445114986,2016-04-14,5,8.2,7.35,0.896341463,0,0,231,231,717,Weekday
4445114986,2016-04-13,4,6.77,6.17,0.911373708,0,0,194,194,840,Weekday
4445114986,2016-04-17,1,1.78,1.63,0.915730337,0,0,114,114,1219,Weekend
4445114986,2016-04-30,7,5.88,5.37,0.913265306,0,0,290,290,797,Weekend
4445114986,2016-04-22,6,6.95,6.47,0.930935252,0,0,317,317,706,Weekday
4558609924,2016-05-01,1,2.15,1.92,0.893023256,0,0,190,190,1121,Weekend
4702921684,2016-05-12,5,7.37,6.73,0.913161465,0,0,68,68,241,Weekday
4702921684,2016-05-09,2,7.63,7.25,0.950196592,0,12,253,265,746,Weekday
4702921684,2016-04-14,5,6.92,6.4,0.924855491,0,0,271,271,772,Weekday
4702921684,2016-04-13,4,7.17,6.67,0.930264993,0,0,258,258,777,Weekday
4702921684,2016-05-03,3,6.22,5.45,0.876205788,0,0,313,313,729,Weekday
4702921684,2016-04-12,3,7.32,7.08,0.967213115,0,0,263,263,718,Weekday
5553957443,2016-04-23,7,12.08,10.52,0.870860927,0,0,272,272,443,Weekend
5553957443,2016-04-24,1,10.67,9.22,0.864104967,0,0,104,104,582,Weekend
5553957443,2016-04-16,7,11.43,10.85,0.949256343,0,0,288,288,521,Weekend
5553957443,2016-04-13,4,8.13,7.58,0.932349323,0,0,226,226,647,Weekday
5553957443,2016-04-18,2,9.02,8.67,0.961197339,0,0,206,206,622,Weekday
5553957443,2016-05-04,4,7.83,7.45,0.95146871,0,0,224,224,651,Weekday
5553957443,2016-05-11,4,8.1,7.72,0.95308642,0,0,195,195,628,Weekday
5553957443,2016-04-20,4,11.3,10.97,0.97079646,0,0,148,148,598,Weekday
5553957443,2016-04-17,1,6.7,5.83,0.870149254,0,0,46,46,943,Weekend
5553957443,2016-05-07,7,7.83,7.37,0.941251596,0,0,96,96,902,Weekend
5553957443,2016-04-30,7,14.05,12.92,0.919572954,0,0,84,84,506,Weekend
5553957443,2016-05-01,1,11.43,10.37,0.907261592,0,0,237,237,436,Weekend
6117666160,2016-04-23,7,8.98,8.2,0.913140312,0,0,512,512,468,Weekend
6117666160,2016-04-22,6,9.1,8,0.879120879,0,0,402,402,413,Weekday
6117666160,2016-05-09,2,8.7,8.2,0.942528736,0,0,197,197,125,Weekday
6117666160,2016-04-29,6,10.6,10,0.943396226,0,0,461,461,479,Weekday
6117666160,2016-04-24,1,6.12,5.88,0.960784314,0,0,362,362,711,Weekend
6117666160,2016-05-06,6,11.63,10.97,0.943250215,0,0,133,133,673,Weekday
6117666160,2016-04-27,4,9.28,9.03,0.973060345,0,0,458,458,417,Weekday
6117666160,2016-05-08,1,10.05,9.25,0.92039801,0,0,318,318,517,Weekend
6117666160,2016-04-19,3,8.2,7.75,0.945121951,0,0,480,480,425,Weekday
6117666160,2016-05-05,5,6.92,6.53,0.943641618,0,0,487,487,479,Weekday
6117666160,2016-04-28,5,6.93,6.55,0.945165945,0,0,141,141,758,Weekday
6117666160,2016-04-17,1,5.83,5.6,0.960548885,0,0,312,312,702,Weekend
6117666160,2016-05-01,1,9.58,8.45,0.882045929,0,0,397,397,525,Weekend
6117666160,2016-04-18,2,8.5,8.22,0.967058824,0,0,241,241,759,Weekday
6117666160,2016-05-07,7,8.45,8.3,0.982248521,0,0,412,412,456,Weekend
6775888955,2016-04-15,6,6.77,6.52,0.963072378,0,0,58,58,976,Weekday
6962181067,2016-05-07,7,5.57,4.97,0.892280072,0,0,328,328,745,Weekend
6962181067,2016-04-24,1,8.57,8.52,0.994165694,0,0,199,199,720,Weekend
6962181067,2016-05-08,1,9.48,9.02,0.951476793,0,14,151,165,709,Weekend
6962181067,2016-04-15,6,6.43,6.17,0.959564541,0,0,217,217,837,Weekday
6962181067,2016-05-06,6,7.7,7.38,0.958441558,0,0,299,299,717,Weekday
6962181067,2016-05-01,1,7.1,6.85,0.964788732,0,0,215,215,722,Weekend
6962181067,2016-04-14,5,8.92,8.47,0.94955157,0,0,86,86,862,Weekday
6962181067,2016-05-12,5,8.92,8.6,0.964125561,0,8,105,113,127,Weekday
7007744171,2016-05-01,1,1.02,0.97,0.950980392,0,0,237,237,1142,Weekend
7007744171,2016-04-16,7,1.37,1.32,0.96350365,0,0,203,203,1155,Weekend
7086361926,2016-04-24,1,11.73,11.35,0.967604433,0,0,125,125,566,Weekend
8378563200,2016-04-30,7,9.25,7.8,0.843243243,0,0,121,121,780,Weekend
8378563200,2016-05-08,1,10.1,9.08,0.899009901,0,0,139,139,621,Weekend
8378563200,2016-04-24,1,8.2,7.63,0.930487805,0,0,135,135,734,Weekend
8378563200,2016-04-17,1,9.85,8.75,0.888324873,0,0,93,93,599,Weekend
8378563200,2016-05-07,7,8.55,7.65,0.894736842,0,0,158,158,851,Weekend
8792009665,2016-05-02,2,7.05,6.92,0.981560284,0,0,101,101,916,Weekday
8792009665,2016-04-13,4,9.2,8.85,0.961956522,0,0,82,82,806,Weekday
8792009665,2016-04-20,4,9.12,8.8,0.964912281,0,10,139,149,744,Weekday
8792009665,2016-04-28,5,6.93,6.7,0.966810967,0,0,310,310,714,Weekday
8792009665,2016-05-01,1,8.78,8.38,0.954441913,0,0,79,79,834,Weekend
8792009665,2016-04-15,6,6.28,6.05,0.963375796,0,0,126,126,937,Weekday
8792009665,2016-04-12,3,8.22,7.63,0.928223844,0,0,116,116,831,Weekday
8792009665,2016-04-14,5,8.38,8.1,0.966587112,0,0,84,84,853,Weekday
8792009665,2016-04-27,4,7.13,7.05,0.988779804,0,0,112,112,900,Weekday
8792009665,2016-05-04,4,7.72,7.32,0.948186528,0,0,129,129,848,Weekday
8792009665,2016-05-03,3,9.08,8.6,0.947136564,0,0,156,156,739,Weekday
4319703577,2016-05-09,2,9.42,8.92,0.946921444,2,14,374,390,490,Weekday
8792009665,2016-04-29,6,6.77,6.63,0.979320532,6,14,380,400,634,Weekday
1503960366,2016-04-29,6,5.9,5.68,0.962711864,16,12,243,271,815,Weekday
4702921684,2016-04-29,6,7.45,7.22,0.969127517,12,19,267,298,692,Weekday
5553957443,2016-05-02,2,7.85,6.82,0.868789809,23,9,227,259,724,Weekday
4319703577,2016-04-24,1,8.35,7.78,0.931736527,1,5,191,197,692,Weekend
4319703577,2016-04-22,6,9.17,8.88,0.968375136,1,19,176,196,709,Weekday
2347167796,2016-04-17,1,10.03,9.27,0.924227318,1,7,249,257,508,Weekend
4702921684,2016-05-06,6,7.48,6.73,0.89973262,1,16,207,224,682,Weekday
4702921684,2016-05-10,3,7.18,6.93,0.965181058,1,37,262,300,701,Weekday
3977333714,2016-04-20,4,5.08,2.53,0.498031496,2,98,164,264,845,Weekday
4319703577,2016-05-11,4,9.3,8.82,0.948387097,3,18,311,332,574,Weekday
3977333714,2016-05-08,1,7.6,4.32,0.568421053,9,116,171,296,688,Weekend
4388161847,2016-05-09,2,1.08,1.03,0.953703704,6,19,258,283,1020,Weekday
4702921684,2016-05-04,4,7.23,6.87,0.950207469,4,15,251,270,757,Weekday
4388161847,2016-05-04,4,6.9,6.5,0.942028986,35,21,251,307,632,Weekday
5553957443,2016-04-29,6,8.25,7.5,0.909090909,46,15,270,331,709,Weekday
7086361926,2016-04-28,5,6.12,5.9,0.964052288,54,48,161,263,810,Weekday
1644430081,2016-04-30,7,2.37,2.07,0.873417722,9,71,402,482,816,Weekend
4388161847,2016-05-05,5,8.25,7.85,0.951515152,12,39,199,250,896,Weekday
4388161847,2016-05-05,5,8.25,7.85,0.951515152,12,39,199,250,896,Weekday
4388161847,2016-05-05,5,8.25,7.85,0.951515152,12,39,199,250,896,Weekday
4388161847,2016-05-05,5,8.25,7.85,0.951515152,12,39,199,250,896,Weekday
4388161847,2016-05-05,5,8.25,7.85,0.951515152,12,39,199,250,896,Weekday
4388161847,2016-05-05,5,8.25,7.85,0.951515152,12,39,199,250,896,Weekday
4388161847,2016-05-05,5,8.25,7.85,0.951515152,12,39,199,250,896,Weekday
4388161847,2016-05-05,5,8.25,7.85,0.951515152,12,39,199,250,896,Weekday
8378563200,2016-05-02,2,6.42,5.85,0.911214953,63,4,142,209,802,Weekday
1644430081,2016-05-02,2,16.02,13.27,0.828339576,1,7,148,156,682,Weekday
2347167796,2016-04-15,6,8.4,7.53,0.896428571,1,24,284,309,720,Weekday
3977333714,2016-05-10,3,7.53,5.2,0.690571049,1,115,196,312,676,Weekday
4319703577,2016-04-18,2,9.18,8.58,0.934640523,1,9,58,68,824,Weekday
4702921684,2016-04-15,6,4.28,4.22,0.985981308,1,8,256,265,944,Weekday
4702921684,2016-04-26,3,7.15,7.02,0.981818182,1,8,216,225,765,Weekday
4388161847,2016-05-11,4,8.23,7.82,0.95018226,8,18,256,282,858,Weekday
3977333714,2016-04-13,4,7.6,4.92,0.647368421,31,46,153,230,754,Weekday
3977333714,2016-04-16,7,8.5,4.72,0.555294118,31,83,153,267,663,Weekend
6117666160,2016-04-20,4,8.37,7.9,0.943847073,26,10,349,385,587,Weekday
7086361926,2016-04-14,5,7.93,7.87,0.992433796,35,32,189,256,787,Weekday
4319703577,2016-05-10,3,8.62,8.12,0.94199536,3,12,329,344,555,Weekday
4388161847,2016-04-16,7,7.47,7.1,0.950468541,6,9,253,268,609,Weekend
4319703577,2016-04-28,5,8.7,8.28,0.951724138,13,8,359,380,552,Weekday
4388161847,2016-05-01,1,9.95,9.12,0.916582915,12,15,241,268,579,Weekend
6962181067,2016-04-17,1,7.43,7.12,0.958277254,5,13,295,313,634,Weekend
8378563200,2016-04-27,4,10,8.85,0.885,4,4,192,200,676,Weekday
8792009665,2016-04-30,7,6,5.72,0.953333333,10,20,301,331,749,Weekend
3977333714,2016-04-28,5,7.05,4.35,0.617021277,15,8,190,213,804,Weekday
4388161847,2016-04-19,3,5.63,5.48,0.973357016,20,16,249,285,704,Weekday
5553957443,2016-04-12,3,7.73,7.35,0.95084088,19,13,277,309,767,Weekday
4388161847,2016-04-21,5,7.63,7.37,0.965923984,7,12,272,291,853,Weekday
4702921684,2016-05-07,7,9.05,8.67,0.95801105,5,46,439,490,577,Weekend
4702921684,2016-05-07,7,9.05,8.67,0.95801105,5,46,439,490,577,Weekend
4702921684,2016-05-07,7,9.05,8.67,0.95801105,5,46,439,490,577,Weekend
4702921684,2016-05-07,7,9.05,8.67,0.95801105,5,46,439,490,577,Weekend
4702921684,2016-05-07,7,9.05,8.67,0.95801105,5,46,439,490,577,Weekend
4702921684,2016-05-07,7,9.05,8.67,0.95801105,5,46,439,490,577,Weekend
4702921684,2016-05-07,7,9.05,8.67,0.95801105,5,46,439,490,577,Weekend
4702921684,2016-05-07,7,9.05,8.67,0.95801105,5,46,439,490,577,Weekend
4020332650,2016-04-12,3,9.02,8.35,0.925720621,4,15,331,350,712,Weekday
8378563200,2016-04-25,2,6.7,6.47,0.965671642,117,16,141,274,692,Weekday
8378563200,2016-04-25,2,6.7,6.47,0.965671642,117,16,141,274,692,Weekday
8378563200,2016-04-25,2,6.7,6.47,0.965671642,117,16,141,274,692,Weekday
8378563200,2016-04-18,2,7.52,6.63,0.881648936,117,10,174,301,720,Weekday
8378563200,2016-04-25,2,6.7,6.47,0.965671642,117,16,141,274,692,Weekday
8378563200,2016-04-25,2,6.7,6.47,0.965671642,117,16,141,274,692,Weekday
8378563200,2016-04-25,2,6.7,6.47,0.965671642,117,16,141,274,692,Weekday
8378563200,2016-04-25,2,6.7,6.47,0.965671642,117,16,141,274,692,Weekday
8378563200,2016-04-25,2,6.7,6.47,0.965671642,117,16,141,274,692,Weekday